{
    "Open, High": 0.9772690254233288,
    "Open, Low": 0.9762483849996467,
    "Open, Close": 0.9825431441395988,
    "Open, Volume": 0.971706254246445,
    "High, Low": 0.981182187250566,
    "High, Close": 0.9830318025490662,
    "High, Volume": 0.9775090661068471,
    "Low, Close": 0.9827535658834858,
    "Low, Volume": 0.9737451689094413,
    "Close, Volume": 0.9833495859211694,
    "Open, High, Low": 0.9806039899909867,
    "Open, High, Close": 0.9833111795120097,
    "Open, High, Volume": 0.9774296073375924,
    "Open, Low, Close": 0.982869103001612,
    "Open, Low, Volume": 0.9767911942228331,
    "Open, Close, Volume": 0.9829799393262569,
    "High, Low, Close": 0.9839062018439787,
    "High, Low, Volume": 0.9810202697451892,
    "High, Close, Volume": 0.9836232170390911,
    "Low, Close, Volume": 0.9831996853870048,
    "Open, High, Low, Close": 0.9837911421976437,
    "Open, High, Low, Volume": 0.9801245456814588,
    "Open, High, Close, Volume": 0.9827023132427907,
    "Open, Low, Close, Volume": 0.9831485054276069,
    "High, Low, Close, Volume": 0.9839210646173712,
    "Open, High, Low, Close, Volume": 0.9833235921980109
}