{
    "Open, High": 0.9774814632014502,
    "Open, Low": 0.9767717487510731,
    "Open, Close": 0.9847345857203929,
    "Open, Volume": 0.9725197474385295,
    "High, Low": 0.9826361184342663,
    "High, Close": 0.9845864603725211,
    "High, Volume": 0.9603434902686097,
    "Low, Close": 0.9829783893352444,
    "Low, Volume": 0.9770234313539068,
    "Close, Volume": 0.9829575740596636,
    "Open, High, Low": 0.9813899979943603,
    "Open, High, Close": 0.9841131172132921,
    "Open, High, Volume": 0.9692953666921447,
    "Open, Low, Close": 0.9834252516908798,
    "Open, Low, Volume": 0.9800289362504244,
    "Open, Close, Volume": 0.9845342764189967,
    "High, Low, Close": 0.9849049275112433,
    "High, Low, Volume": 0.9826497675389199,
    "High, Close, Volume": 0.9824462021556575,
    "Low, Close, Volume": 0.9790064208612393,
    "Open, High, Low, Close": 0.983451100050069,
    "Open, High, Low, Volume": 0.9814526805923087,
    "Open, High, Close, Volume": 0.9834788617101629,
    "Open, Low, Close, Volume": 0.9843086853903711,
    "High, Low, Close, Volume": 0.9850468868683436,
    "Open, High, Low, Close, Volume": 0.9845380365521319
}