{
    "Open, High": 0.9903936894090987,
    "Open, Low": 0.9874908653397327,
    "Open, Close": 0.9906956098561068,
    "Open, Volume": 0.9853977480574406,
    "High, Low": 0.9913930524208397,
    "High, Close": 0.9925386814097288,
    "High, Volume": 0.9891225127947996,
    "Low, Close": 0.9919563011793806,
    "Low, Volume": 0.9912121878920694,
    "Close, Volume": 0.9927060046323205,
    "Open, High, Low": 0.991159485497598,
    "Open, High, Close": 0.9927362955907872,
    "Open, High, Volume": 0.9896282786622183,
    "Open, Low, Close": 0.9916262338092708,
    "Open, Low, Volume": 0.9895554031231739,
    "Open, Close, Volume": 0.9905588421849714,
    "High, Low, Close": 0.9932118287097516,
    "High, Low, Volume": 0.9916761137312355,
    "High, Close, Volume": 0.991717950485291,
    "Low, Close, Volume": 0.9930557051168415,
    "Open, High, Low, Close": 0.9930247880350301,
    "Open, High, Low, Volume": 0.9914617619770181,
    "Open, High, Close, Volume": 0.9923296924875448,
    "Open, Low, Close, Volume": 0.9928706431296983,
    "High, Low, Close, Volume": 0.9934081461980093,
    "Open, High, Low, Close, Volume": 0.9931660642770312
}