{
    "Open, High": 0.9896079860123627,
    "Open, Low": 0.9877652128084675,
    "Open, Close": 0.9895642890248134,
    "Open, Volume": 0.9862438476294254,
    "High, Low": 0.9907919910763621,
    "High, Close": 0.9920032657464293,
    "High, Volume": 0.9893279776410875,
    "Low, Close": 0.985462712350123,
    "Low, Volume": 0.989482887790335,
    "Close, Volume": 0.9908769249490316,
    "Open, High, Low": 0.9904573473709937,
    "Open, High, Close": 0.9917832596416398,
    "Open, High, Volume": 0.9902469692387328,
    "Open, Low, Close": 0.990953811300608,
    "Open, Low, Volume": 0.988436843169882,
    "Open, Close, Volume": 0.991226287006776,
    "High, Low, Close": 0.9916469302577009,
    "High, Low, Volume": 0.9915816663924696,
    "High, Close, Volume": 0.9929991021970256,
    "Low, Close, Volume": 0.9911014467703873,
    "Open, High, Low, Close": 0.9930756983292881,
    "Open, High, Low, Volume": 0.9913312091496317,
    "Open, High, Close, Volume": 0.9927602325808536,
    "Open, Low, Close, Volume": 0.9926571239398061,
    "High, Low, Close, Volume": 0.9924786410991169,
    "Open, High, Low, Close, Volume": 0.9930566055938166
}