{
    "Open, High": 0.9887688556311285,
    "Open, Low": 0.9857045758174029,
    "Open, Close": 0.9906441380586016,
    "Open, Volume": 0.9832898676297163,
    "High, Low": 0.989672565310273,
    "High, Close": 0.9909846395527876,
    "High, Volume": 0.988081640850724,
    "Low, Close": 0.9906388322249382,
    "Low, Volume": 0.9885394992632418,
    "Close, Volume": 0.9907379600927972,
    "Open, High, Low": 0.9882683059961878,
    "Open, High, Close": 0.9904236940575418,
    "Open, High, Volume": 0.9870167973194877,
    "Open, Low, Close": 0.9899182045695168,
    "Open, Low, Volume": 0.986920388854849,
    "Open, Close, Volume": 0.9888271718405393,
    "High, Low, Close": 0.9910178750654393,
    "High, Low, Volume": 0.9904537965082449,
    "High, Close, Volume": 0.9910463284890004,
    "Low, Close, Volume": 0.9900733816808138,
    "Open, High, Low, Close": 0.9902850852141344,
    "Open, High, Low, Volume": 0.9867376524625318,
    "Open, High, Close, Volume": 0.9894338897294094,
    "Open, Low, Close, Volume": 0.9881997299514416,
    "High, Low, Close, Volume": 0.9904670175853005,
    "Open, High, Low, Close, Volume": 0.9878864442902587
}