{
    "Open, High": 0.9876754688242614,
    "Open, Low": 0.985876197007908,
    "Open, Close": 0.9876907637965928,
    "Open, Volume": 0.9863494974548958,
    "High, Low": 0.9870035530754379,
    "High, Close": 0.9876959597434082,
    "High, Volume": 0.9883663386953534,
    "Low, Close": 0.9870999119976565,
    "Low, Volume": 0.9871514030172407,
    "Close, Volume": 0.9897687788979928,
    "Open, High, Low": 0.9876665766057074,
    "Open, High, Close": 0.9871713634060579,
    "Open, High, Volume": 0.9882565838479805,
    "Open, Low, Close": 0.9857212832989966,
    "Open, Low, Volume": 0.9871821936929334,
    "Open, Close, Volume": 0.9879751214662256,
    "High, Low, Close": 0.9875449043166805,
    "High, Low, Volume": 0.9884145413875473,
    "High, Close, Volume": 0.9884980253722098,
    "Low, Close, Volume": 0.9887214176061313,
    "Open, High, Low, Close": 0.9865392168536498,
    "Open, High, Low, Volume": 0.9867538314117549,
    "Open, High, Close, Volume": 0.9821042840793289,
    "Open, Low, Close, Volume": 0.9842287787424594,
    "High, Low, Close, Volume": 0.9871375099270571,
    "Open, High, Low, Close, Volume": 0.9836697719940727
}