{
    "Open, High": 0.9886881114232096,
    "Open, Low": 0.9882978444870648,
    "Open, Close": 0.989273090573626,
    "Open, Volume": 0.988635785362555,
    "High, Low": 0.989201429760611,
    "High, Close": 0.9897214736167155,
    "High, Volume": 0.9898583733242456,
    "Low, Close": 0.9891735376546281,
    "Low, Volume": 0.9896323151658502,
    "Close, Volume": 0.990746163105319,
    "Open, High, Low": 0.989322186038828,
    "Open, High, Close": 0.9897661058471742,
    "Open, High, Volume": 0.9821687250840802,
    "Open, Low, Close": 0.9895489433562221,
    "Open, Low, Volume": 0.9845781985066873,
    "Open, Close, Volume": 0.9840198860377879,
    "High, Low, Close": 0.9899656131230126,
    "High, Low, Volume": 0.9903698484300899,
    "High, Close, Volume": 0.9835820348607811,
    "Low, Close, Volume": 0.9856659628765476,
    "Open, High, Low, Close": 0.9899833946501613,
    "Open, High, Low, Volume": 0.9856136855714634,
    "Open, High, Close, Volume": 0.9844657430630818,
    "Open, Low, Close, Volume": 0.9862225321317825,
    "High, Low, Close, Volume": 0.9864331314254073,
    "Open, High, Low, Close, Volume": 0.9866689635687725
}