{
    "Open, High": 0.9886689178329177,
    "Open, Low": 0.9882464074025974,
    "Open, Close": 0.9891265440337522,
    "Open, Volume": 0.988402657505189,
    "High, Low": 0.9890896181059895,
    "High, Close": 0.9895866247121385,
    "High, Volume": 0.984642151488895,
    "Low, Close": 0.991042650609894,
    "Low, Volume": 0.989370611432983,
    "Close, Volume": 0.989967680906867,
    "Open, High, Low": 0.9891675663743297,
    "Open, High, Close": 0.9896264979486948,
    "Open, High, Volume": 0.9895442052830355,
    "Open, Low, Close": 0.9895236082890715,
    "Open, Low, Volume": 0.9847705358127242,
    "Open, Close, Volume": 0.984785885204094,
    "High, Low, Close": 0.9898821412493896,
    "High, Low, Volume": 0.9903463692975584,
    "High, Close, Volume": 0.9906746009318297,
    "Low, Close, Volume": 0.9907261470429166,
    "Open, High, Low, Close": 0.9898964058932213,
    "Open, High, Low, Volume": 0.9848699136755658,
    "Open, High, Close, Volume": 0.9847934296267303,
    "Open, Low, Close, Volume": 0.9864979532911714,
    "High, Low, Close, Volume": 0.9862016604003775,
    "Open, High, Low, Close, Volume": 0.9869857275529066
}