{
    "Open, High": 0.8997588966540516,
    "Open, Low": 0.796593077540299,
    "Open, Close": -18.326053887070874,
    "Open, Volume": 0.7980625069927796,
    "High, Low": -18.32605389143303,
    "High, Close": -18.326053891084676,
    "High, Volume": -18.32605389143303,
    "Low, Close": -18.32605389143303,
    "Low, Volume": -18.32605389143303,
    "Close, Volume": -18.32605389143303,
    "Open, High, Low": 0.9382732083048517,
    "Open, High, Close": 0.633161912184383,
    "Open, High, Volume": 0.8800881203426038,
    "Open, Low, Close": 0.9121492101979013,
    "Open, Low, Volume": 0.9009052002636443,
    "Open, Close, Volume": 0.863184470812638,
    "High, Low, Close": -18.326053891234157
}