{
    "Open, High": 0.9862230952841949,
    "Open, Low": 0.9858814681509693,
    "Open, Close": 0.9875401769733341,
    "Open, Volume": 0.974832835770433,
    "High, Low": 0.9874655766529044,
    "High, Close": 0.9879946241697185,
    "High, Volume": 0.9730197750195454,
    "Low, Close": 0.9878997436240512,
    "Low, Volume": 0.986401252640175,
    "Close, Volume": 0.9840208736169541,
    "Open, High, Low": 0.9868875955091779,
    "Open, High, Close": 0.9875913899490854,
    "Open, High, Volume": 0.9713278371405463,
    "Open, Low, Close": 0.9873512611658901,
    "Open, Low, Volume": 0.9832162002138963,
    "Open, Close, Volume": 0.9827566263007734,
    "High, Low, Close": 0.9880596379884311,
    "High, Low, Volume": 0.9859049200240512,
    "High, Close, Volume": 0.9813410320421678,
    "Low, Close, Volume": 0.9880190802800364,
    "Open, High, Low, Close": 0.9876900620562479,
    "Open, High, Low, Volume": 0.9836085185722687,
    "Open, High, Close, Volume": 0.981280235914814,
    "Open, Low, Close, Volume": 0.9867428025588278,
    "High, Low, Close, Volume": 0.9849137750305814,
    "Open, High, Low, Close, Volume": 0.984948611590154
}