{
    "Open, High": 0.9862434095284595,
    "Open, Low": 0.9858577523557848,
    "Open, Close": 0.9877378264966616,
    "Open, Volume": 0.9823863710659422,
    "High, Low": 0.9874328690306892,
    "High, Close": 0.9881640866838279,
    "High, Volume": 0.9821494008391631,
    "Low, Close": 0.9878825854293688,
    "Low, Volume": 0.981383778114342,
    "Close, Volume": 0.9883491094436659,
    "Open, High, Low": 0.9867281876479976,
    "Open, High, Close": 0.9876542104331769,
    "Open, High, Volume": 0.9832786564431948,
    "Open, Low, Close": 0.9874577667540173,
    "Open, Low, Volume": 0.985832028340126,
    "Open, Close, Volume": 0.9878297226394609,
    "High, Low, Close": 0.9879027135555444,
    "High, Low, Volume": 0.9874783901335931,
    "High, Close, Volume": 0.9873246130133871,
    "Low, Close, Volume": 0.9872700233678415,
    "Open, High, Low, Close": 0.9874672385255171,
    "Open, High, Low, Volume": 0.9869030928874707,
    "Open, High, Close, Volume": 0.9867697107086378,
    "Open, Low, Close, Volume": 0.9876543490630603,
    "High, Low, Close, Volume": 0.9881728690493441,
    "Open, High, Low, Close, Volume": 0.9875565085462886
}