{
    "Open, High": 0.9862170663247779,
    "Open, Low": 0.9859395970231412,
    "Open, Close": 0.9875618373882125,
    "Open, Volume": 0.9783305775127626,
    "High, Low": 0.9874633691242645,
    "High, Close": 0.9880664680099316,
    "High, Volume": 0.9700405450795835,
    "Low, Close": 0.9878724320300998,
    "Low, Volume": 0.9865124755064882,
    "Close, Volume": 0.9849995962008844,
    "Open, High, Low": 0.9868210466068438,
    "Open, High, Close": 0.9876711387630518,
    "Open, High, Volume": 0.9781606526962174,
    "Open, Low, Close": 0.9875074119076068,
    "Open, Low, Volume": 0.9850094821869311,
    "Open, Close, Volume": 0.9842682748135674,
    "High, Low, Close": 0.9880678579859683,
    "High, Low, Volume": 0.9844928080549172,
    "High, Close, Volume": 0.9815552775584973,
    "Low, Close, Volume": 0.9872926963959199,
    "Open, High, Low, Close": 0.9855697843232326,
    "Open, High, Low, Volume": 0.983000178642552,
    "Open, High, Close, Volume": 0.9821094634404879,
    "Open, Low, Close, Volume": 0.986701655917801,
    "High, Low, Close, Volume": 0.9857271943272894,
    "Open, High, Low, Close, Volume": 0.9851354411494916
}