{
    "Open, High": 0.9319787054940938,
    "Open, Low": 0.9464321150622421,
    "Open, Close": 0.9305886387717186,
    "Open, Volume": 0.9346691085409108,
    "High, Low": 0.941852164735279,
    "High, Close": 0.9316139723440356,
    "High, Volume": 0.9082551869360094,
    "Low, Close": 0.9490125299023688,
    "Low, Volume": 0.9303211612200979,
    "Close, Volume": 0.949562147265052,
    "Open, High, Low": 0.9500576238125437,
    "Open, High, Close": 0.9539510354961065,
    "Open, High, Volume": 0.9528567047691756,
    "Open, Low, Close": 0.9591889356101383,
    "Open, Low, Volume": 0.9491894888749897,
    "Open, Close, Volume": 0.9523273166529302,
    "High, Low, Close": 0.9561798186261656,
    "High, Low, Volume": 0.9564355560580715,
    "High, Close, Volume": 0.9591433909992344,
    "Low, Close, Volume": 0.9535649813316607,
    "Open, High, Low, Close": 0.9629314954806523,
    "Open, High, Low, Volume": 0.9723580425264976,
    "Open, High, Close, Volume": 0.9633766561092106,
    "Open, Low, Close, Volume": 0.9582053494986071,
    "High, Low, Close, Volume": 0.9768293042518627,
    "Open, High, Low, Close, Volume": 0.9738946222943017
}