{
    "Open, High": 0.9534985343302366,
    "Open, Low": 0.9632719191016468,
    "Open, Close": 0.9572478803872106,
    "Open, Volume": 0.8792408292006493,
    "High, Low": 0.9663418044222194,
    "High, Close": 0.958830062998983,
    "High, Volume": 0.9112154615984454,
    "Low, Close": 0.9687797541944595,
    "Low, Volume": 0.9159517462084903,
    "Close, Volume": 0.9212260156428991,
    "Open, High, Low": 0.9681355148709624,
    "Open, High, Close": 0.7851039059753708,
    "Open, High, Volume": 0.9641590184481675,
    "Open, Low, Close": 0.9684053850053017,
    "Open, Low, Volume": 0.9593569484220347,
    "Open, Close, Volume": 0.9700627551709912,
    "High, Low, Close": 0.9759213931000775,
    "High, Low, Volume": 0.9684647530896482,
    "High, Close, Volume": 0.9728100564472535,
    "Low, Close, Volume": 0.9669315366262582,
    "Open, High, Low, Close": 0.8281466026385788,
    "Open, High, Low, Volume": 0.9740777481125673,
    "Open, High, Close, Volume": 0.9735488499738689,
    "Open, Low, Close, Volume": 0.9757837716505549,
    "High, Low, Close, Volume": 0.9776163756975094,
    "Open, High, Low, Close, Volume": 0.9777649299290154
}