{
    "Open, High": 0.9473498067830532,
    "Open, Low": 0.9557600812814926,
    "Open, Close": 0.9521015828912607,
    "Open, Volume": 0.9017236952167287,
    "High, Low": 0.9607424941639363,
    "High, Close": 0.9674723827826532,
    "High, Volume": 0.9303208491713265,
    "Low, Close": 0.9600018678147385,
    "Low, Volume": 0.9038286625304824,
    "Close, Volume": 0.9201878239682186,
    "Open, High, Low": 0.9707942354309751,
    "Open, High, Close": 0.9664482562629184,
    "Open, High, Volume": 0.9422201738852498,
    "Open, Low, Close": 0.9690761468048625,
    "Open, Low, Volume": 0.958399825445029,
    "Open, Close, Volume": 0.9709572901225323,
    "High, Low, Close": 0.9740577126924632,
    "High, Low, Volume": 0.9557401271528521,
    "High, Close, Volume": 0.963242457024168,
    "Low, Close, Volume": 0.9570717780931475,
    "Open, High, Low, Close": 0.8230954380521713,
    "Open, High, Low, Volume": 0.9722291721440999,
    "Open, High, Close, Volume": 0.9764107354922711,
    "Open, Low, Close, Volume": 0.9661204261921214,
    "High, Low, Close, Volume": 0.9765287506542559,
    "Open, High, Low, Close, Volume": 0.9761256622742771
}