{
    "Open, High": 0.9798271855513705,
    "Open, Low": 0.9793878734914022,
    "Open, Close": 0.9847341361983328,
    "Open, Volume": 0.9719254156428152,
    "High, Low": 0.9826840023997335,
    "High, Close": 0.9846369133853702,
    "High, Volume": 0.9683585622399198,
    "Low, Close": 0.9829762053680873,
    "Low, Volume": 0.9818001695625138,
    "Close, Volume": 0.9853313942293971,
    "Open, High, Low": 0.9815339673581748,
    "Open, High, Close": 0.9840307642288431,
    "Open, High, Volume": 0.9741472059974027,
    "Open, Low, Close": 0.9840908775866093,
    "Open, Low, Volume": 0.9794619560859321,
    "Open, Close, Volume": 0.9846141367586837,
    "High, Low, Close": 0.9849651283013735,
    "High, Low, Volume": 0.9830995629750703,
    "High, Close, Volume": 0.982946608254079,
    "Low, Close, Volume": 0.9843835183526959,
    "Open, High, Low, Close": 0.9834962696072841,
    "Open, High, Low, Volume": 0.9815497522246278,
    "Open, High, Close, Volume": 0.983199132240155,
    "Open, Low, Close, Volume": 0.9845340687986739,
    "High, Low, Close, Volume": 0.9850485474902084,
    "Open, High, Low, Close, Volume": 0.9843328293926675
}