{
    "Open, High": 0.98776499017443,
    "Open, Low": 0.9878903886868367,
    "Open, Close": 0.9902031389930079,
    "Open, Volume": 0.9834120191860697,
    "High, Low": 0.9900690441523039,
    "High, Close": 0.9903511219230229,
    "High, Volume": 0.9878929185321712,
    "Low, Close": 0.9911290060706773,
    "Low, Volume": 0.9880800094883434,
    "Close, Volume": 0.989994481643578,
    "Open, High, Low": 0.9890376929520608,
    "Open, High, Close": 0.9903254373472229,
    "Open, High, Volume": 0.9873274224526566,
    "Open, Low, Close": 0.9904429071120933,
    "Open, Low, Volume": 0.9877559710730984,
    "Open, Close, Volume": 0.9900726191094409,
    "High, Low, Close": 0.9910103480980398,
    "High, Low, Volume": 0.989496997633447,
    "High, Close, Volume": 0.990612212809801,
    "Low, Close, Volume": 0.9908728001896298,
    "Open, High, Low, Close": 0.9904084234732862,
    "Open, High, Low, Volume": 0.9889352291859751,
    "Open, High, Close, Volume": 0.9901753989235774,
    "Open, Low, Close, Volume": 0.9903411886914052,
    "High, Low, Close, Volume": 0.9909288191070429,
    "Open, High, Low, Close, Volume": 0.9902261198996226
}