{
    "Open, High": 0.9875730680159419,
    "Open, Low": 0.9876513919531031,
    "Open, Close": 0.9904250991884856,
    "Open, Volume": 0.9833581806334367,
    "High, Low": 0.9895875423694694,
    "High, Close": 0.991042552003271,
    "High, Volume": 0.988005104091054,
    "Low, Close": 0.9911410119161037,
    "Low, Volume": 0.9867884525475547,
    "Close, Volume": 0.9906853453418507,
    "Open, High, Low": 0.9890584719039924,
    "Open, High, Close": 0.9903745278581796,
    "Open, High, Volume": 0.987411891482762,
    "Open, Low, Close": 0.99035402739386,
    "Open, Low, Volume": 0.9876155459618655,
    "Open, Close, Volume": 0.9902247317525276,
    "High, Low, Close": 0.9909908829122914,
    "High, Low, Volume": 0.9896311880336636,
    "High, Close, Volume": 0.9907336820393322,
    "Low, Close, Volume": 0.9909546940754309,
    "Open, High, Low, Close": 0.9904082911980228,
    "Open, High, Low, Volume": 0.9889156355898306,
    "Open, High, Close, Volume": 0.9901829395611312,
    "Open, Low, Close, Volume": 0.990204163313182,
    "High, Low, Close, Volume": 0.9907880706548823,
    "Open, High, Low, Close, Volume": 0.99029019219083
}