{
    "Open, High": 0.9858452677529581,
    "Open, Low": 0.9855526455148009,
    "Open, Close": 0.9901290730118462,
    "Open, Volume": 0.981859919843166,
    "High, Low": 0.9893292877483352,
    "High, Close": 0.9886086855551138,
    "High, Volume": 0.9861511372596174,
    "Low, Close": 0.9898930199647676,
    "Low, Volume": 0.9749919319811211,
    "Close, Volume": 0.9883464600622253,
    "Open, High, Low": 0.9884566893370244,
    "Open, High, Close": 0.989797678665186,
    "Open, High, Volume": 0.9863988358143229,
    "Open, Low, Close": 0.9898114087574398,
    "Open, Low, Volume": 0.98304674065417,
    "Open, Close, Volume": 0.9880863366724534,
    "High, Low, Close": 0.9900740691917893,
    "High, Low, Volume": 0.9879116683837754,
    "High, Close, Volume": 0.9896892316500392,
    "Low, Close, Volume": 0.9874073772279482,
    "Open, High, Low, Close": 0.9879079957062237,
    "Open, High, Low, Volume": 0.9858630814088245,
    "Open, High, Close, Volume": 0.9883490028981476,
    "Open, Low, Close, Volume": 0.9877319500818238,
    "High, Low, Close, Volume": 0.9888388589519487,
    "Open, High, Low, Close, Volume": 0.9874531644351637
}