{
    "Open, High": 0.981373319714933,
    "Open, Low": 0.9825778126623885,
    "Open, Close": 0.9831259129323332,
    "Open, Volume": 0.9639084919249041,
    "High, Low": 0.9848414639298884,
    "High, Close": 0.984121679898377,
    "High, Volume": 0.9701164163977392,
    "Low, Close": 0.9858223217852058,
    "Low, Volume": 0.9744536557928061,
    "Close, Volume": 0.9764611821500406,
    "Open, High, Low": 0.9849359702545398,
    "Open, High, Close": 0.9526685072805544,
    "Open, High, Volume": 0.9803471480287809,
    "Open, Low, Close": 0.9855263240249993,
    "Open, Low, Volume": 0.981285689892021,
    "Open, Close, Volume": 0.9838549447044953,
    "High, Low, Close": 0.9876502659712748,
    "High, Low, Volume": 0.9849643553593496,
    "High, Close, Volume": 0.9841038065337092,
    "Low, Close, Volume": 0.9848240141698142,
    "Open, High, Low, Close": 0.9596091422909251,
    "Open, High, Low, Volume": 0.9846320843382785,
    "Open, High, Close, Volume": 0.9845496059742139,
    "Open, Low, Close, Volume": 0.9863737028858258,
    "High, Low, Close, Volume": 0.9868092975166588,
    "Open, High, Low, Close, Volume": 0.9866189979174992
}