{
    "Open, High": 0.9763521848049489,
    "Open, Low": 0.978011110365987,
    "Open, Close": 0.9776385490441356,
    "Open, Volume": 0.9739078520706146,
    "High, Low": 0.9792353558738259,
    "High, Close": 0.9776823465273726,
    "High, Volume": 0.9711037374179596,
    "Low, Close": 0.9810358309112922,
    "Low, Volume": 0.9727177478046443,
    "Close, Volume": 0.9814820324411747,
    "Open, High, Low": 0.9803517881596546,
    "Open, High, Close": 0.981899104458399,
    "Open, High, Volume": 0.9796538891920816,
    "Open, Low, Close": 0.9824894279647883,
    "Open, Low, Volume": 0.978544521795974,
    "Open, Close, Volume": 0.9811140101026462,
    "High, Low, Close": 0.9826331610754263,
    "High, Low, Volume": 0.9822233999499005,
    "High, Close, Volume": 0.9832143085390769,
    "Low, Close, Volume": 0.9815066932031513,
    "Open, High, Low, Close": 0.9830783281629071,
    "Open, High, Low, Volume": 0.9837396211899536,
    "Open, High, Close, Volume": 0.9820540761068075,
    "Open, Low, Close, Volume": 0.9812724397866622,
    "High, Low, Close, Volume": 0.9863010467573369,
    "Open, High, Low, Close, Volume": 0.984106517812603
}