{
    "Open, High": 0.98005892893912,
    "Open, Low": 0.9811909192051507,
    "Open, Close": 0.9818191364989289,
    "Open, Volume": 0.9674833972778418,
    "High, Low": 0.9836989539062817,
    "High, Close": 0.985523586789311,
    "High, Volume": 0.9732920216769518,
    "Low, Close": 0.9831773481010684,
    "Low, Volume": 0.9720212322340914,
    "Close, Volume": 0.9753978546638848,
    "Open, High, Low": 0.9852961344818046,
    "Open, High, Close": 0.9852002940458112,
    "Open, High, Volume": 0.9763051630205812,
    "Open, Low, Close": 0.9855044059742516,
    "Open, Low, Volume": 0.9805800917117578,
    "Open, Close, Volume": 0.9839863036283429,
    "High, Low, Close": 0.986953096531836,
    "High, Low, Volume": 0.9827077024843053,
    "High, Close, Volume": 0.9838355747020955,
    "Low, Close, Volume": 0.9836480441499676,
    "Open, High, Low, Close": 0.9591684774977054,
    "Open, High, Low, Volume": 0.9842168949574519,
    "Open, High, Close, Volume": 0.985101733309309,
    "Open, Low, Close, Volume": 0.9845173521967117,
    "High, Low, Close, Volume": 0.9862262456100671,
    "Open, High, Low, Close, Volume": 0.9862854650517652
}